{
  "mood": "warm",
  "energy": 0.9,
  "intimacy": 0.6928268040849105,
  "last_interaction": 1764559488.0809684,
  "total_turns": 23
}