{
  "mood": "warm",
  "energy": 0.20000000000000015,
  "intimacy": 0.7254813354426515,
  "last_interaction": 1764885655.5352876,
  "total_turns": 30
}